{
  "session_id": "20251212_210527",
  "constants": {
    "Z_CRITICAL": 0.8660254037844386,
    "PHI": 1.618033988749895,
    "PHI_INV": 0.6180339887498948,
    "KAPPA_S": 0.92
  },
  "operator_counts": {
    "^": 3,
    "+": 82,
    "\u00d7": 6,
    "()": 81,
    "\u00f7": 73,
    "\u2212": 55
  },
  "operator_by_tier": {
    "t2": {
      "^": 1,
      "+": 0,
      "\u00d7": 1,
      "()": 0,
      "\u00f7": 2,
      "\u2212": 0
    },
    "t3": {
      "^": 2,
      "+": 7,
      "\u00d7": 5,
      "()": 0,
      "\u00f7": 3,
      "\u2212": 3
    },
    "t4": {
      "^": 0,
      "+": 75,
      "\u00d7": 0,
      "()": 81,
      "\u00f7": 68,
      "\u2212": 52
    }
  },
  "composition_counts": {
    "^": 4,
    "+": 14,
    "\u00d7": 15,
    "()": 16,
    "\u00f7": 14,
    "\u2212": 12
  },
  "all_sequences": [
    [
      "^",
      "\u00d7",
      "\u00f7",
      "\u00f7"
    ],
    [
      "\u00d7",
      "+",
      "^",
      "\u00f7"
    ],
    [
      "+",
      "+",
      "\u00d7",
      "\u00f7"
    ],
    [
      "\u00f7",
      "+",
      "\u00d7",
      "\u2212"
    ],
    [
      "+",
      "\u00d7",
      "\u2212",
      "\u2212"
    ],
    [
      "+",
      "^",
      "\u00d7",
      "+"
    ],
    [
      "()",
      "+",
      "()",
      "+"
    ],
    [
      "\u2212",
      "+",
      "()",
      "()"
    ],
    [
      "\u00f7",
      "+",
      "\u00f7",
      "()"
    ],
    [
      "\u00f7",
      "+",
      "\u2212",
      "\u2212"
    ],
    [
      "\u2212",
      "\u00f7",
      "\u00f7",
      "()"
    ],
    [
      "\u00f7",
      "\u00f7",
      "+",
      "\u2212"
    ],
    [
      "()",
      "\u00f7",
      "()",
      "\u00f7"
    ],
    [
      "\u00f7",
      "+",
      "\u00f7",
      "\u00f7"
    ],
    [
      "\u00f7",
      "\u00f7",
      "()",
      "\u2212"
    ],
    [
      "()",
      "()",
      "()",
      "+"
    ],
    [
      "\u00f7",
      "\u00f7",
      "+",
      "\u00f7"
    ],
    [
      "()",
      "()",
      "()",
      "+"
    ],
    [
      "()",
      "()",
      "+",
      "\u00f7"
    ],
    [
      "+",
      "+",
      "\u2212",
      "\u00f7"
    ],
    [
      "+",
      "\u2212",
      "\u2212",
      "\u2212"
    ],
    [
      "\u00f7",
      "+",
      "()",
      "\u2212"
    ],
    [
      "\u2212",
      "+",
      "()",
      "\u00f7"
    ],
    [
      "\u2212",
      "()",
      "+",
      "+"
    ],
    [
      "\u00f7",
      "+",
      "()",
      "\u00f7"
    ],
    [
      "()",
      "+",
      "\u00f7",
      "+"
    ],
    [
      "+",
      "\u2212",
      "+",
      "()"
    ],
    [
      "\u00f7",
      "+",
      "()",
      "()"
    ],
    [
      "+",
      "()",
      "\u2212",
      "\u00f7"
    ],
    [
      "()",
      "()",
      "+",
      "\u2212"
    ],
    [
      "+",
      "\u2212",
      "()",
      "()"
    ],
    [
      "\u2212",
      "()",
      "\u2212",
      "()"
    ],
    [
      "\u2212",
      "\u00f7",
      "()",
      "\u00f7"
    ],
    [
      "\u2212",
      "\u2212",
      "()",
      "\u00f7"
    ],
    [
      "\u00f7",
      "+",
      "+",
      "\u00f7"
    ],
    [
      "()",
      "()",
      "+",
      "+"
    ],
    [
      "\u2212",
      "\u00f7",
      "\u00f7",
      "+"
    ],
    [
      "\u2212",
      "\u2212",
      "()",
      "()"
    ],
    [
      "()",
      "+",
      "()",
      "+"
    ],
    [
      "+",
      "()",
      "+",
      "\u00f7"
    ],
    [
      "\u2212",
      "()",
      "\u00f7",
      "+"
    ],
    [
      "\u00f7",
      "+",
      "\u2212",
      "\u00f7"
    ],
    [
      "\u00f7",
      "()",
      "\u00f7",
      "\u00f7"
    ],
    [
      "\u2212",
      "+",
      "\u00f7",
      "\u2212"
    ],
    [
      "\u00f7",
      "\u2212",
      "()",
      "\u00f7"
    ],
    [
      "()",
      "+",
      "()",
      "\u2212"
    ],
    [
      "+",
      "()",
      "()",
      "\u00f7"
    ],
    [
      "+",
      "()",
      "+",
      "()"
    ],
    [
      "\u00f7",
      "()",
      "\u00f7",
      "+"
    ],
    [
      "\u00f7",
      "\u2212",
      "\u2212",
      "()"
    ],
    [
      "\u2212",
      "\u00f7",
      "+",
      "()"
    ],
    [
      "+",
      "()",
      "()",
      "()"
    ],
    [
      "()",
      "\u2212",
      "()",
      "()"
    ],
    [
      "()",
      "\u00f7",
      "()",
      "+"
    ],
    [
      "+",
      "\u2212",
      "\u00f7",
      "()"
    ],
    [
      "()",
      "\u2212",
      "()",
      "+"
    ],
    [
      "+",
      "()",
      "+",
      "\u00f7"
    ],
    [
      "\u00f7",
      "\u2212",
      "\u00f7",
      "\u2212"
    ],
    [
      "+",
      "\u2212",
      "+",
      "\u2212"
    ],
    [
      "\u00f7",
      "\u00f7",
      "+",
      "+"
    ],
    [
      "()",
      "\u2212",
      "\u2212",
      "+"
    ],
    [
      "\u2212",
      "\u00f7",
      "\u00f7",
      "+"
    ],
    [
      "()",
      "\u00f7",
      "+",
      "\u00f7"
    ],
    [
      "\u2212",
      "+",
      "()",
      "+"
    ],
    [
      "()",
      "()",
      "+",
      "()"
    ],
    [
      "+",
      "+",
      "+",
      "()"
    ],
    [
      "()",
      "+",
      "\u00f7",
      "+"
    ],
    [
      "\u00f7",
      "+",
      "\u2212",
      "\u2212"
    ],
    [
      "\u00f7",
      "+",
      "()",
      "()"
    ],
    [
      "\u2212",
      "\u00f7",
      "+",
      "()"
    ],
    [
      "()",
      "+",
      "()",
      "()"
    ],
    [
      "+",
      "\u2212",
      "\u00f7",
      "\u00f7"
    ],
    [
      "+",
      "+",
      "+",
      "\u2212"
    ],
    [
      "+",
      "()",
      "\u2212",
      "\u00f7"
    ],
    [
      "\u00f7",
      "\u2212",
      "()",
      "\u00f7"
    ]
  ],
  "composed_results": [
    "\u00d7",
    "\u00d7",
    "^",
    "\u00f7",
    "\u00f7",
    "()",
    "\u00f7",
    "\u00d7",
    "\u00f7",
    "()",
    "\u2212",
    "()",
    "\u00d7",
    "\u00d7",
    "\u00f7",
    "+",
    "^",
    "+",
    "()",
    "\u2212",
    "^",
    "\u2212",
    "+",
    "\u2212",
    "\u00f7",
    "+",
    "\u2212",
    "()",
    "+",
    "\u00d7",
    "\u00d7",
    "()",
    "\u2212",
    "\u00f7",
    "()",
    "\u00f7",
    "\u00d7",
    "()",
    "\u00f7",
    "\u00d7",
    "\u00f7",
    "^",
    "+",
    "\u00d7",
    "\u2212",
    "\u00d7",
    "()",
    "\u00f7",
    "\u2212",
    "+",
    "\u00f7",
    "+",
    "\u2212",
    "()",
    "+",
    "\u00d7",
    "\u00d7",
    "()",
    "()",
    "\u00d7",
    "+",
    "\u00d7",
    "\u00f7",
    "\u2212",
    "+",
    "()",
    "+",
    "()",
    "()",
    "\u00f7",
    "+",
    "()",
    "\u2212",
    "+",
    "\u2212"
  ],
  "parity_history": [
    0.5,
    0.5,
    0.25,
    0.25,
    0.25,
    0.5,
    0.5,
    0.5,
    0.25,
    0.0,
    0.25,
    0.0,
    0.5,
    0.0,
    0.25,
    0.75,
    0.0,
    0.75,
    0.5,
    0.0,
    0.0,
    0.25,
    0.25,
    0.25,
    0.25,
    0.25,
    0.25,
    0.5,
    0.25,
    0.5,
    0.5,
    0.5,
    0.25,
    0.25,
    0.0,
    0.5,
    0.0,
    0.5,
    0.5,
    0.25,
    0.25,
    0.0,
    0.25,
    0.0,
    0.25,
    0.5,
    0.5,
    0.5,
    0.25,
    0.25,
    0.25,
    0.75,
    0.75,
    0.5,
    0.25,
    0.5,
    0.25,
    0.0,
    0.0,
    0.0,
    0.25,
    0.0,
    0.25,
    0.25,
    0.75,
    0.25,
    0.25,
    0.0,
    0.5,
    0.25,
    0.75,
    0.0,
    0.0,
    0.25,
    0.25
  ],
  "k_formation_events": [],