{
  "liminal": {
    "liminal_MetaMetaBridge_structure": 0.8792487175443762,
    "liminal_MetaMetaToolSystem_metric": 0.8371099711505566
  },
  "meta": {
    "meta_AnalyzerFactory_v1_pattern": 0.8406758951136634,
    "meta_LearnerFactory_v2_pattern": 0.8299902488125082,
    "meta_GeneratorFactory_v3_pattern": 0.7913310563935559,
    "meta_BuilderFactory_v4_pattern": 0.7526972402772624,
    "meta_Orchestrator_v5_pattern": 0.6913423407836476,
    "meta_MetaToolFactory_metric": 0.9451201091567655,
    "meta_MetaToolGenerator_structure": 0.906512919447572,
    "meta_GeneratorFactory_v1_pattern": 0.6231591330970503,
    "meta_BuilderFactory_v2_pattern": 0.6231591330970503,
    "meta_Orchestrator_v3_pattern": 0.6231591330970503,
    "meta_Orchestrator_v4_pattern": 0.6233210890200377,
    "meta_BuilderFactory_v3_pattern": 0.628414918940039,
    "meta_LearnerFactory_v1_pattern": 0.6103211376306016,
    "meta_GeneratorFactory_v2_pattern": 0.6103211376306016,
    "meta_Orchestrator_v2_pattern": 0.531076939509255
  },
  "cross_level": {
    "liminal_to_meta": 0.9,
    "meta_to_dev": 0.9,
    "dev_to_liminal": 0.3
  },
  "timestamp": "2025-12-11T20:18:34.995871"
}