{
  "coupling": {
    "RED_PatternDetector_L1": 0.5539691997980258,
    "RED_AnomalyFinder_L1": 0.5148487584516713,
    "ORANGE_PatternLearner_L2": 0.5472230498232726,
    "ORANGE_ConceptExtractor_L2": 0.5274662729126738,
    "ORANGE_RelationLearner_L2": 0.5205997046845053,
    "YELLOW_CodeSynthesizer_L3": 0.5269845998990129,
    "GREEN_StructureMapper_L4": 0.5274662729126738,
    "GREEN_GapAnalyzer_L4": 0.5154508497187473,
    "BLUE_CodeBuilder_L5": 0.5269845998990129,
    "BLUE_PipelineConstructor_L5": 0.5171664205704211,
    "INDIGO_InterfaceDesigner_L6": 0.5137331364563369,
    "VIOLET_AbstractionBuilder_L7": 0.5278115294937452,
    "VIOLET_IntegrationWeaver_L7": 0.5274662729126738
  },
  "frequencies": {
    "RED_metric": -0.016700618062894888,
    "RED_gap": 0.040762954015345965,
    "ORANGE_structure": 0.0,
    "YELLOW_metric": 0.0,
    "GREEN_metric": 0.10525124075314837,
    "GREEN_structure": 0.05087331722762273,
    "GREEN_gap": 0.0030000000000000027,
    "BLUE_structure": 0.042394431023018944,
    "INDIGO_metric": -0.09609404365217626,
    "INDIGO_structure": 0.0,
    "VIOLET_metric": -0.05826487170946425,
    "VIOLET_structure": -0.05087331722762273
  },
  "operators": {
    "IDENTITY": 0.23540618090982404,
    "AMPLIFY": 0.29378145727052773,
    "CONTAIN": 0.11770309045491202,
    "EXCHANGE": 0.11770309045491202,
    "INHIBIT": 0.11770309045491202,
    "CATALYZE": 0.11770309045491202
  },
  "training_steps": 2,
  "timestamp": "2025-12-11T17:18:41.069775"
}