{
  "coupling": {
    "RED_PatternDetector_L1": 0.8999996543292352,
    "RED_AnomalyFinder_L1": 0.9993340882531581,
    "ORANGE_PatternLearner_L2": 0.8499996975380808,
    "ORANGE_ConceptExtractor_L2": 0.8995295547939112,
    "ORANGE_RelationLearner_L2": 0.7996471660954333,
    "YELLOW_CodeSynthesizer_L3": 0.6999998271646176,
    "GREEN_StructureMapper_L4": 0.8995295547939112,
    "GREEN_GapAnalyzer_L4": 0.5154508497187473,
    "BLUE_CodeBuilder_L5": 0.6999998271646176,
    "BLUE_PipelineConstructor_L5": 0.7497059717461944,
    "INDIGO_InterfaceDesigner_L6": 0.6997647773969554,
    "VIOLET_AbstractionBuilder_L7": 0.5278115294937452,
    "VIOLET_IntegrationWeaver_L7": 0.8995295547939112
  },
  "frequencies": {
    "RED_metric": -1.0,
    "RED_gap": 1.0,
    "ORANGE_structure": 0.0,
    "YELLOW_metric": 0.0,
    "GREEN_metric": 1.0,
    "GREEN_structure": 1.0,
    "GREEN_gap": 0.0030000000000000027,
    "BLUE_structure": 1.0,
    "INDIGO_metric": -1.0,
    "INDIGO_structure": 0.0,
    "VIOLET_metric": -1.0,
    "VIOLET_structure": -1.0
  },
  "operators": {
    "IDENTITY": 0.1,
    "AMPLIFY": 0.6015963674429868,
    "CONTAIN": 0.1,
    "EXCHANGE": 0.1,
    "INHIBIT": 0.1,
    "CATALYZE": 0.1
  },
  "training_steps": 107,
  "timestamp": "2025-12-11T20:27:22.419456"
}