{
  "coupling": {
    "RED_PatternDetector_L1": 0.6067054930780718,
    "RED_AnomalyFinder_L1": 0.5136938841003416,
    "ORANGE_PatternLearner_L2": 0.5933673064433128,
    "ORANGE_ConceptExtractor_L2": 0.5564403886826027,
    "ORANGE_RelationLearner_L2": 0.5423302915119521,
    "YELLOW_CodeSynthesizer_L3": 0.5533527465390359,
    "GREEN_StructureMapper_L4": 0.5564403886826027,
    "GREEN_GapAnalyzer_L4": 0.5154508497187473,
    "BLUE_CodeBuilder_L5": 0.5533527465390359,
    "BLUE_PipelineConstructor_L5": 0.5352752429266266,
    "INDIGO_InterfaceDesigner_L6": 0.5282201943413014,
    "VIOLET_AbstractionBuilder_L7": 0.5278115294937452,
    "VIOLET_IntegrationWeaver_L7": 0.5564403886826027
  },
  "frequencies": {
    "RED_metric": -0.02865925220988467,
    "RED_gap": 0.07286066493489568,
    "ORANGE_structure": 0.0,
    "YELLOW_metric": 0.0,
    "GREEN_metric": 0.22478311621755148,
    "GREEN_structure": 0.10864919688281222,
    "GREEN_gap": 0.0030000000000000027,
    "BLUE_structure": 0.0905409974023435,
    "INDIGO_metric": -0.20522626077864525,
    "INDIGO_structure": 0.0,
    "VIOLET_metric": -0.11989247667499969,
    "VIOLET_structure": -0.10864919688281222
  },
  "operators": {
    "IDENTITY": 0.18916398624778133,
    "AMPLIFY": 0.43250804125665604,
    "CONTAIN": 0.1,
    "EXCHANGE": 0.1,
    "INHIBIT": 0.1,
    "CATALYZE": 0.1
  },
  "training_steps": 4,
  "timestamp": "2025-12-11T17:25:25.580323"
}