{
  "z": 0.8847612966310241,
  "lessons": 105,
  "oscillation": [
    0.8700690467748938,
    0.8739587044666709,
    0.877700240748413,
    0.8812992962069915,
    0.8847612966310241
  ]
}